"","response_uuid","test_date"
"1","8bf122a4-2e32-46f2-9a60-fc34e27d8ebd","2020-08-26 22:25:00.789139+00:00"
"2","a9234891-bc6f-49a6-96ce-cbfbe45221d8","2020-08-28 12:21:14.214665+00:00"
"3","efd8485a-57f4-4566-b550-5185576ac36f","2020-08-28 18:28:58.796332+00:00"
"4","3daef16b-887d-461d-8994-0b0e39c8136a","2020-08-28 19:32:05.517094+00:00"
"5","16a98406-c65f-4876-9e01-8427f53d1dae","2020-08-28 20:11:22.923363+00:00"
"6","8d238e0f-fb57-4707-b7b9-16b77febf206","2020-08-29 00:11:43.425505+00:00"
"7","b765bae7-21f9-46fc-a8de-a188bd0e204a","2020-08-29 10:59:21.756171+00:00"
"8","576b508f-3a45-4578-b1c0-d7dacf2707a4","2020-08-29 14:35:38.712640+00:00"
"9","f3951033-8913-4691-980d-5fdefacaf008","2020-08-29 14:46:55.026706+00:00"
"10","5f9aeba5-3dd8-4595-b9dd-be6d5e459114","2020-08-29 15:35:02.703553+00:00"
"11","fb455d1d-0eed-4a75-b188-1fec4ff6327c","2020-08-29 15:47:46.443741+00:00"
"12","d56d94dd-e688-47e0-ae29-9d04adb2ef35","2020-08-29 15:54:01.962526+00:00"
"13","5464465d-68ed-450f-a19c-c1748323f72d","2020-08-29 16:21:17.005030+00:00"
"14","f86fb71c-f5f4-446a-86ed-8bd9d23a3538","2020-08-29 16:25:45.197923+00:00"
"15","14bf786c-4ab7-44f3-8b9e-6735b3ff4c90","2020-08-29 16:59:04.656701+00:00"
"16","16be0cb3-3364-46c2-9c66-e8ac88eca1fc","2020-08-29 17:10:54.256517+00:00"
"17","aa8498d3-5fef-4eab-80ba-408a7b694dbf","2020-08-29 19:51:20.554524+00:00"
"18","c9c9d690-6c87-4921-85e3-3f298a46d3a7","2020-08-29 19:51:37.143997+00:00"
"19","847ed8e5-51b9-49b2-9cdf-69f33cba17a4","2020-08-29 19:52:27.041388+00:00"
"20","9f3695c5-7176-4c2b-98c4-01cdf40b49c4","2020-08-30 11:59:53.176851+00:00"
"21","c2a57945-d527-4c0c-aacd-9292bd06fd74","2020-08-30 15:05:19.648889+00:00"
"22","81bd4a0c-da5e-4a65-a703-736aa192f423","2020-08-30 15:30:07.912007+00:00"
"23","7d847e3c-3d5f-4b77-9627-19bb93c1b1b2","2020-08-30 18:59:35.094359+00:00"
"24","f4e93766-cf83-4779-8964-ba06b82f5362","2020-08-30 19:19:17.042353+00:00"
"25","074dce63-ac9b-4849-b641-38d13b4446b8","2020-08-30 19:27:23.454090+00:00"
"26","4401f7c6-ea42-458b-a5bd-8aaf5f8f66b6","2020-08-30 19:39:03.826231+00:00"
"27","3494c7d6-bca4-445e-92bd-b9ff961e5a55","2020-08-30 19:54:02.953757+00:00"
"28","6dfa965b-3638-4606-b734-31bfe2e48362","2020-08-30 21:42:25.128068+00:00"
"29","2b9504f1-2da7-48f5-98e2-0e7a51b6b690","2020-08-30 23:48:51.527730+00:00"
"30","bbd43e53-212c-451a-9200-7b4508956015","2020-08-30 23:53:58.250307+00:00"
"31","c36cb294-a2d6-49fc-8d92-71dc505332d4","2020-08-31 13:40:49.314371+00:00"
"32","ac019b74-67b9-443f-b662-f514d1162878","2020-08-31 13:51:29.083166+00:00"
"33","1d8118be-db17-47d8-a204-fa0592fde1a9","2020-08-31 15:25:23.102090+00:00"
"34","06b632cd-6894-4660-b625-51ba893e9753","2020-08-31 16:16:59.054335+00:00"
"35","5ebe11cf-c79f-494a-a50e-9a35256c0a95","2020-08-31 22:13:02.533216+00:00"
"36","40c30344-6ff5-457c-9564-b529f40ea855","2020-08-31 22:59:47.967566+00:00"
"37","f928ab4b-4a4b-4fed-be49-1b9771706eb4","2020-09-01 16:58:07.504856+00:00"
"38","70d433fd-9b28-472d-bc64-da5fda45c327","2020-09-01 17:30:28.036206+00:00"
"39","770eabb2-1aff-4f49-98aa-acc9c1d9a02b","2020-09-01 19:47:47.763721+00:00"
"40","b0666d17-68ce-41e9-882b-f1fff8341962","2020-09-01 23:06:14.091942+00:00"
"41","29f7dbe0-0711-4e19-9aca-b24bde0fa44e","2020-09-02 00:49:43.328927+00:00"
"42","aa4b5820-5977-4594-a79c-383e1ee6bf66","2020-09-02 17:34:57.075717+00:00"
"43","67ae84d9-7471-4d07-977e-ce362a21921f","2020-09-02 18:32:49.289602+00:00"
"44","e85a2655-4929-4684-89be-c80f62dca0bd","2020-09-02 20:44:13.826832+00:00"
"45","6f7a51e3-67bc-43b2-8860-1115cf6d9190","2020-09-03 11:32:35.678776+00:00"
"46","2ec33d83-717f-4c78-af80-f469eb8b0b89","2020-09-04 00:43:24.534354+00:00"
"47","f8680295-b8fb-477b-9554-81a9bbfd34ed","2020-09-04 16:45:25.717828+00:00"
"48","d11a10ad-bb24-4a27-a46f-e6aafcce994a","2020-09-04 18:14:36.130828+00:00"
"49","0eb78a33-f8ac-4bc5-8298-8a8e6480d604","2020-09-06 20:53:44.667011+00:00"
"50","0ff36d3a-ef72-4343-8fad-43f0d343ac8f","2020-09-06 22:08:37.795196+00:00"
"51","f72d155f-2ebb-4c10-bb93-c4b5a25b0966","2020-09-07 19:03:24.219623+00:00"
"52","30fe0cb2-ba80-44a5-bac2-80f8245d5549","2020-09-07 21:02:43.975196+00:00"
"53","27e02aa8-f648-464a-904f-989b5efcfa00","2020-09-08 16:14:26.298930+00:00"
"54","b567656b-6e01-4b7e-bed2-8d778af90581","2020-09-08 21:33:17.966260+00:00"
"55","cf8de2e0-7cc7-4ed7-adf3-824fb5ce39a9","2020-09-08 22:49:55.294121+00:00"
"56","6e716675-1def-43c5-af37-8fe0d786b4c2","2020-09-09 20:32:03.416918+00:00"
"57","953344fc-799e-4016-8a51-21f3b8ed6601","2020-09-10 15:52:36.786519+00:00"
"58","30a3209e-6f09-4929-ad32-185e6f483b69","2020-09-11 15:32:30.280430+00:00"
"59","c78dd44d-432d-4336-88f2-113d8a53429a","2020-09-12 12:25:25.980151+00:00"
"60","1cc93439-1308-4e02-bc54-b95df7519d7a","2020-09-12 14:01:10.786746+00:00"
"61","942b8d04-304d-4c00-bb86-ee1a855b1b4d","2020-09-12 14:59:54.859590+00:00"
"62","bf44540f-f2f5-40d3-8961-0a2debdacc39","2020-09-13 15:22:59.345482+00:00"
"63","829eb1bc-e921-4304-b439-8e1cc80dace4","2020-09-13 18:21:38.956415+00:00"
"64","49c76299-8c22-4982-b554-449747ded649","2020-09-13 22:19:59.966892+00:00"
"65","95da0cb1-06c3-4044-b87f-da309c9130af","2020-09-14 00:07:36.072663+00:00"
"66","516d5e1b-9441-4553-aec9-0714e5efef27","2020-09-14 13:41:23.686019+00:00"
"67","0f4c8954-d104-4f04-a09f-9c1263e39cf5","2020-09-14 15:05:40.145193+00:00"
"68","f09f8d5d-06fb-4c5c-840e-3dbb7812640c","2020-09-14 17:06:37.359682+00:00"
"69","a77a929c-3f9e-4e03-bbe4-9ffc5c4c081d","2020-09-14 18:25:03.681380+00:00"
"70","b6b113da-0986-4496-8f70-cbf6e32ab228","2020-09-16 16:15:07.233598+00:00"
"71","548671cb-5376-4c32-ac12-0071e6982c04","2020-09-17 14:47:17.553264+00:00"
"72","37f1de41-ff9c-4c9a-a9f1-b656c18e8cec","2020-09-17 15:00:54.743080+00:00"
"73","6f0947b3-9830-45ca-ba86-cfc5ec486f9d","2020-09-18 17:46:29.935682+00:00"
"74","76a0637c-6f92-4092-8060-f08308dc457d","2020-09-18 17:52:20.931805+00:00"
"75","450569b7-8c4a-463a-a71a-7a327fe9c1d2","2020-09-19 14:27:39.481869+00:00"
"76","771f58ee-b254-4c21-a3fd-7794840f3af0","2020-09-19 14:39:21.991849+00:00"
"77","c0c1c469-54e5-48e9-b497-00c1ece99674","2020-09-19 14:43:38.634085+00:00"
"78","db72405f-caa2-4846-8360-cb4b4f101568","2020-09-20 19:19:29.843695+00:00"
"79","6a49ca2a-4484-4159-b3f4-5c4c39c05a41","2020-09-20 20:01:41.322470+00:00"
"80","f0992da2-e22e-4c8d-b6b9-eca85118e977","2020-09-21 13:36:54.046771+00:00"
"81","d46a71ad-09b8-4bd8-b40b-ef1d5e16c9c2","2020-09-22 15:36:33.632707+00:00"
"82","e49364fd-adea-4837-a059-315c649ea7a2","2020-10-21 20:57:31.128058+00:00"
"83","0005b210-2572-44a6-8c82-5e44ef0b3656","2020-10-21 20:59:36.578799+00:00"
"84","8c7a3534-ee50-454c-a1bd-ea6a9f07d7c9","2020-12-01 00:45:04.887042+00:00"
"85","fbffb566-de9d-4868-a4b4-fc990609dae1","2020-12-01 14:44:24.100252+00:00"
"86","dbc867a2-d42b-4f4a-a6a1-41ea16f35db1","2020-12-02 18:47:23.209752+00:00"
"87","61a5368f-39f6-408e-8012-2c260d7b1599","2020-12-02 20:59:42.056642+00:00"
"88","22871154-68bf-42c0-97d6-b68d4aee98c4","2020-12-02 23:00:33.903763+00:00"
"89","fd4fe2a2-0a53-4e95-ab8b-f00e1f737c0b","2020-12-02 23:18:04.785984+00:00"
"90","90ef5371-b1df-4374-a980-244936890c98","2020-12-03 13:02:54.122726+00:00"
"91","6224f7b6-d14a-4e10-b6d6-c7144051e0b2","2020-12-03 13:32:23.258763+00:00"
"92","169dc79b-d26e-4e97-a701-7519065605ac","2020-12-03 20:51:04.716402+00:00"
"93","9c8dc664-95bc-4cb6-83ff-7a14ba8777b2","2020-12-04 00:13:51.176775+00:00"
"94","ab443903-e47c-4d7f-91da-0dc0dabcb560","2020-12-04 18:23:59.281222+00:00"
"95","5a53ce41-c166-4dd2-9f11-a2243f76a8f7","2020-12-04 22:40:27.469859+00:00"
"96","23c58920-3825-4d34-bf8d-84a5efb1414f","2020-12-05 13:30:30.558294+00:00"
"97","86bb09dd-ccc4-4725-8ec7-45b1ba992445","2020-12-05 16:53:32.471169+00:00"
"98","9272b6fc-e66f-4d0a-8852-255c94ce0777","2020-12-05 18:43:24.713344+00:00"
"99","fe99e283-c8b5-49fa-9ae4-1c265fd05b62","2020-12-06 20:29:53.751423+00:00"
"100","3c09b126-9ef1-435a-85ed-23db7ad957f0","2020-12-06 21:33:02.026916+00:00"
"101","66a88fa3-6919-42fa-b688-3af7ce3fdb86","2020-12-07 17:13:57.191211+00:00"
"102","6377f6e9-0320-4e5f-8e6f-204cdb05543c","2020-12-07 20:14:54.147076+00:00"
"103","fd060aa4-e343-4e23-8b69-33681458da1e","2020-12-08 01:24:36.566394+00:00"
"104","01f46d90-343e-4664-af1c-50a927672686","2020-12-08 20:04:29.770062+00:00"
"105","30069738-2fab-4a83-8715-eab122faf4c8","2020-12-08 21:04:46.036275+00:00"
"106","b5d9c327-0dde-4768-ae45-2d26692b494e","2020-12-09 16:26:55.771029+00:00"
"107","b47e08ac-5c26-453c-aa17-361bc893085d","2020-12-09 19:04:55.820074+00:00"
"108","4f306a8d-8960-4572-bb48-bb4f661501f1","2020-12-09 21:53:13.056990+00:00"
"109","b7300fe0-b9fa-4dc9-af7c-b192a6610529","2020-12-11 00:53:03.174203+00:00"
"110","6a0f783f-67de-4db1-afb2-f2ad780cbd94","2020-12-11 19:10:06.141877+00:00"
"111","8519a604-0f9f-400b-b24b-98c22c18ad69","2020-12-13 20:48:10.111059+00:00"
"112","3f489527-6e4b-4529-9940-0aa2bfa9f9c4","2020-12-14 01:49:50.767946+00:00"
"113","e318cc6b-b3fd-4b4c-ad66-3f2b25175bb9","2020-12-14 23:30:29.605484+00:00"
"114","09ffb73b-59bc-45ce-bdad-7b345e8ab6b5","2020-12-15 18:30:52.394523+00:00"
"115","06be7b40-2dd5-416f-a60c-ba864f3c1d1a","2020-12-17 01:40:30.605365+00:00"
"116","e888a54e-44f2-41fb-8e54-e66b8749b68b","2020-12-17 13:22:47.432957+00:00"
"117","e68b3108-76d7-45e7-9db7-0271182beb4b","2020-12-17 20:31:12.099244+00:00"
"118","675091d4-ff7b-4999-a21b-18b2f8fdb5a3","2020-12-18 20:12:39.496865+00:00"
"119","9d88d588-6c99-4ad3-aa31-cfc04091618a","2020-12-19 20:33:11.187727+00:00"
"120","41d870b8-d20b-45c0-9825-e5f836a03495","2020-12-20 02:32:31.295691+00:00"
"121","daddd867-98f0-4dae-8e46-d518530c54bf","2020-12-20 16:00:59.850794+00:00"
"122","c5ed12b7-567d-4920-87d5-f0821bae09e1","2020-12-20 18:58:52.162994+00:00"
"123","188af6ee-14c9-4c33-b3c1-62aba61175a0","2020-12-21 00:42:36.417531+00:00"
"124","7f28c556-f330-4c04-8709-454e5362db00","2020-12-22 18:51:00.694711+00:00"
"125","77c7d6e3-3c5a-4efe-9062-c3a393aeed48","2020-12-22 19:29:23.589937+00:00"
"126","ca74800c-8944-4730-a1db-e583dc299807","2020-12-23 15:11:37.065309+00:00"
"127","72cd9086-d739-4ce0-ba03-259ea6b9c78b","2020-12-28 00:24:02.803103+00:00"
"128","5099766f-4528-42b6-8e67-3cfc1f3734ae","2020-12-28 07:17:38.518398+00:00"
"129","775688e3-cc05-4259-9c9e-a384f0b5b25c","2020-12-28 23:21:58.792096+00:00"
"130","cba9ebae-9897-4290-8455-261be2124a75","2020-12-29 19:03:06.840837+00:00"
"131","0c4c8e1c-2313-4b29-bba1-c345f6c54a85","2020-12-31 02:03:12.227899+00:00"
"132","df7359bc-01bd-4c5b-8425-8842bf8162fe","2020-12-31 22:48:21.175199+00:00"
"133","4826320d-f255-42e6-b605-1023109720f5","2021-01-01 19:12:27.525217+00:00"
"134","561038a8-a47d-485b-aeee-a6b196e10fa0","2021-01-02 16:36:26.345983+00:00"
"135","1033a860-6afd-4a7f-97a7-9995e12bc32f","2021-01-06 20:20:51.029727+00:00"
"136","61bbc5c5-2f5e-42ed-bc8f-7c741d4cb803","2021-01-11 17:32:12.952094+00:00"
"137","815885d5-b6c7-434a-9fde-47043151b43f","2021-01-11 21:53:27.739928+00:00"
"138","4abfa29a-1dee-4408-9055-d2ca6ac715b7","2021-01-13 21:10:33.567320+00:00"
"139","89804023-f60e-4117-936d-1e1fa202b8ad","2021-01-14 00:26:05.115608+00:00"
"140","454d139d-1528-4ed7-a113-62e2784199b3","2021-01-15 12:19:36.234288+00:00"
"141","2cdfcc69-ac46-4b0b-a53b-8aa8642d8a51","2021-01-15 20:31:33.651860+00:00"
"142","e9d03df9-8646-4d0d-8e50-50c6a4c17ac9","2021-01-16 20:07:40.752921+00:00"
"143","7977a56e-52c2-49eb-b854-2ca2820dced2","2021-01-19 17:12:16.089533+00:00"
"144","996a82c4-33bc-4ed8-a4c0-751ed1d2a423","2021-01-20 22:17:45.473563+00:00"
"145","e95caf68-824d-4424-bde0-9d7f31cfe732","2021-01-21 12:41:29.581549+00:00"
"146","59d71c7d-9e4d-4c28-9ea5-65c5a0ad8968","2021-01-21 22:21:38.152059+00:00"
"147","bba9beba-518f-4218-844a-65cd7ba0b0f4","2021-01-21 22:48:37.354465+00:00"
"148","2ce5d3ca-1b06-4b6c-ac8e-4620052b3cdd","2021-01-22 22:09:48.200106+00:00"
"149","fc203b9f-858c-476b-9960-a3eec7622cfd","2021-01-24 23:07:39.832905+00:00"
"150","92bd9baa-0fa0-4fb5-8257-cf6ae117e718","2021-01-24 23:24:55.487304+00:00"
"151","2eb27768-47f1-46ea-a49f-aafae9d4fc13","2021-01-25 21:44:09.504384+00:00"
"152","919a7798-54ff-402b-b899-5480b11c041e","2021-01-25 23:03:02.252478+00:00"
"153","678cdd93-1408-4e59-a3e8-7ecceb636057","2021-01-26 00:35:48.615520+00:00"
"154","57cf51a1-1f42-4061-a7c0-1c4b27913b58","2021-01-26 13:24:53.208806+00:00"
"155","a714f41b-c472-4c99-96dd-d3fb2e4e4600","2021-01-26 13:33:20.618895+00:00"
"156","775c8b2e-aaf0-465a-a3fe-6c9701c71b00","2021-01-26 19:24:12.800404+00:00"
"157","202db84a-c8b1-4afa-acd9-7925c02ab509","2021-01-26 19:34:11.350486+00:00"
"158","5d51cf87-699e-4f05-8940-ef5cf0e81f8e","2021-01-26 22:23:25.215817+00:00"
"159","39334bb8-ea26-4bfd-bf3d-bacdeb068223","2021-01-26 23:26:41.824371+00:00"
